bbox_left,bbox_top,bbox_right,bbox_bottom,word,block_no,line_no,word_no,page_no
230.44509887695312,726.8666381835938,248.56248474121094,734.7066040039062,€0.5bn,18,10,5,0
183.32110595703125,734.3636474609375,206.60867309570312,742.20361328125,(includes,18,11,5,0
207.55368041992188,734.3636474609375,226.64617919921875,742.20361328125,partner,18,11,6,0
227.59117126464844,734.3636474609375,248.572265625,742.20361328125,markets,18,11,7,0
185.4001007080078,741.8606567382812,195.21548461914062,749.7006225585938,and,18,12,5,0
196.16049194335938,741.8606567382812,219.78199768066406,749.7006225585938,common,18,12,6,0
220.7270050048828,741.8606567382812,248.56504821777344,749.7006225585938,functions)4,18,12,7,0
171.40280151367188,527.39892578125,188.79348754882812,538.0389404296875,Rest,1,0,0,0
189.93350219726562,527.39892578125,197.67884826660156,538.0389404296875,of,1,0,1,0
198.81886291503906,527.39892578125,211.5868682861328,538.0389404296875,the,1,0,2,0
212.7268829345703,527.39892578125,235.1203155517578,538.0389404296875,World,1,0,3,0
171.40280151367188,535.383544921875,198.18359375,553.3035888671875,22%,1,1,0,0
131.94430541992188,527.39892578125,159.316650390625,538.0389404296875,Europe,2,0,0,0
133.2012939453125,535.383544921875,159.31649780273438,553.3035888671875,76%,2,1,0,0
226.40570068359375,700.7721557617188,248.56065368652344,711.4121704101562,Other,-2,1,2,0
229.43260192871094,708.7567138671875,248.568603515625,726.6767578125,2%,-2,2,2,0
73.70079803466797,504.605712890625,102.8511962890625,518.0457153320312,Group,4,0,0,0
105.04719543457031,504.605712890625,139.28561401367188,518.0457153320312,service,4,0,1,0
141.48159790039062,504.605712890625,185.2335662841797,518.0457153320312,revenues,4,0,2,0
187.4295654296875,504.605712890625,207.150390625,518.0457153320312,(IAS,4,0,3,0
209.3463897705078,504.605712890625,220.9456024169922,518.0457153320312,18,4,0,4,0
223.1416015625,504.605712890625,250.8196258544922,518.0457153320312,basis),4,0,5,0
68.03150177001953,80.884033203125,143.05850219726562,114.4840316772461,Where,5,0,0,0
146.65550231933594,80.884033203125,180.60049438476562,114.4840316772461,we,5,0,1,0
184.19749450683594,80.884033203125,273.92449951171875,114.4840316772461,operate,5,0,2,0
68.03150177001953,125.08403015136719,81.68509674072266,138.52403259277344,We,6,0,0,0
83.30509948730469,125.08403015136719,118.13029479980469,138.52403259277344,manage,6,0,1,0
119.75029754638672,125.08403015136719,134.32308959960938,138.52403259277344,our,6,0,2,0
135.94308471679688,125.08403015136719,172.15550231933594,138.52403259277344,business,6,0,3,0
173.77549743652344,125.08403015136719,200.5019073486328,138.52403259277344,across,6,0,4,0
202.1219024658203,125.08403015136719,218.60391235351562,138.52403259277344,two,6,0,5,0
220.22390747070312,125.08403015136719,267.790771484375,138.52403259277344,geographic,6,0,6,0
269.4107666015625,125.08403015136719,300.3408203125,138.52403259277344,regions,6,0,7,0
301.9608459472656,125.08403015136719,307.9608459472656,138.52403259277344,–,6,0,8,0
68.031494140625,138.0800018310547,99.8494873046875,151.52000427246094,"Europe,",6,1,0,0
101.469482421875,138.0800018310547,117.77027893066406,151.52000427246094,and,6,1,1,0
119.3902816772461,138.0800018310547,138.30589294433594,151.52000427246094,Rest,6,1,2,0
139.92588806152344,138.0800018310547,148.42788696289062,151.52000427246094,of,6,1,3,0
150.04788208007812,138.0800018310547,164.3734893798828,151.52000427246094,the,6,1,4,0
165.9934844970703,138.0800018310547,190.74708557128906,151.52000427246094,World,6,1,5,0
192.36708068847656,138.0800018310547,221.3782958984375,151.52000427246094,(‘RoW’),6,1,6,0
369.0790100097656,541.847900390625,385.3199157714844,549.1278686523438,Mobile,11,4,1,0
359.8685302734375,548.848388671875,385.3192443847656,556.1283569335938,customers,11,5,1,0
377.1455078125,555.848876953125,385.322509765625,563.1288452148438,(m),11,6,1,0
400.259521484375,527.846923828125,416.50042724609375,535.1268920898438,Mobile,8,0,0,0
396.84051513671875,534.847412109375,416.5029602050781,542.1273803710938,revenue,8,1,0,0
399.4275207519531,541.847900390625,416.4985046386719,549.1278686523438,market,8,2,0,0
403.3600158691406,548.848388671875,416.503662109375,556.1283569335938,share,8,3,0,0
408.82000732421875,555.848876953125,418.486328125,563.1288452148438,(%)8,8,4,0,0
438.01019287109375,534.847900390625,450.520751953125,542.1278686523438,Fixed,10,5,1,0
424.35369873046875,541.848388671875,450.5187683105469,549.1283569335938,broadband,10,6,1,0
425.06219482421875,548.848876953125,450.5135803222656,556.1288452148438,customers,10,7,1,0
442.3392028808594,555.849365234375,450.5162048339844,563.1293334960938,(m),10,8,1,0
469.1907043457031,527.847412109375,481.7012634277344,535.1273803710938,Fixed,10,0,0,0
462.0342102050781,534.847900390625,481.6966552734375,542.1278686523438,revenue,10,1,0,0
464.6212158203125,541.848388671875,481.69219970703125,549.1283569335938,market,10,2,0,0
468.5537109375,548.848876953125,481.6973571777344,556.1288452148438,share,10,3,0,0
474.0137023925781,555.849365234375,483.6832275390625,563.1293334960938,(%)8,10,4,0,0
490.73040771484375,534.847900390625,515.7157592773438,542.1278686523438,Consumer,11,0,0,0
490.1324157714844,541.848388671875,515.7118530273438,549.1283569335938,converged,11,1,0,0
490.2624206542969,548.848876953125,515.713134765625,556.1288452148438,customers,11,2,0,0
507.5393981933594,555.849365234375,515.7163696289062,563.1293334960938,(m),11,3,0,0
520.5588989257812,541.848388671875,552.564208984375,549.1283569335938,Convergence,12,0,0,0
524.52392578125,548.848876953125,552.5650634765625,556.1288452148438,penetration,12,1,0,0
544.9014282226562,555.849365234375,554.5493774414062,563.1293334960938,(%)9,12,2,0,0
285.1643981933594,572.6154174804688,320.69439697265625,583.2554321289062,Germany,-1,0,0,0
370.4173889160156,572.6154174804688,385.3152770996094,583.2554321289062,29.5,13,1,0,0
401.49188232421875,572.6154174804688,416.4990234375,583.2554321289062,33.6,13,2,0,0
439.9098815917969,572.6154174804688,450.5080871582031,583.2554321289062,6.9,13,3,0,0
467.23187255859375,572.6154174804688,481.6927795410156,583.2554321289062,21.4,13,4,0,0
505.2983703613281,572.6154174804688,515.7094116210938,583.2554321289062,1.5,13,5,0,0
537.2848510742188,572.6154174804688,552.5590209960938,583.2554321289062,20.2,13,6,0,0
285.15484619140625,595.2919311523438,296.8493347167969,605.9319458007812,UK,13,11,2,0
371.40533447265625,595.2919311523438,385.30950927734375,605.9319458007812,17.2,13,12,2,0
401.7293395996094,595.2919311523438,416.4923400878906,605.9319458007812,21.3,13,13,2,0
439.90985107421875,595.2919311523438,450.508056640625,605.9319458007812,0.6,13,14,2,0
470.84185791015625,595.2919311523438,481.6936950683594,605.9319458007812,6.8,13,15,2,0
504.85186767578125,595.2919311523438,515.7037353515625,605.9319458007812,0.3,13,16,2,0
538.4058837890625,595.2919311523438,552.5523681640625,605.9319458007812,57.0,13,17,2,0
285.1548767089844,617.8734130859375,302.5645751953125,628.513427734375,Italy,13,21,4,0
370.77838134765625,617.8734130859375,385.3105163574219,628.513427734375,21.0,13,22,4,0
402.94537353515625,617.8734130859375,416.49237060546875,628.513427734375,31.1,13,23,4,0
439.786376953125,617.8734130859375,450.5052185058594,628.513427734375,2.8,13,24,4,0
471.202880859375,617.8734130859375,481.6842346191406,628.513427734375,9.3,13,25,4,0
505.45037841796875,617.8734130859375,515.7008666992188,628.513427734375,1.0,13,26,4,0
538.3013916015625,617.8734130859375,552.5475463867188,628.513427734375,41.4,13,27,4,0
285.1453857421875,640.4548950195312,306.6847229003906,651.0949096679688,Spain,13,29,6,0
370.9778747558594,640.4548950195312,385.3038635253906,651.0949096679688,13.7,13,30,6,0
403.37286376953125,640.4548950195312,419.2771911621094,651.0949096679688,17.47,13,31,6,0
439.6994934082031,640.4545288085938,450.52093505859375,651.0945434570312,3.2,13,32,6,0
468.5889892578125,640.4545288085938,484.4740905761719,651.0945434570312,17.47,13,33,6,0
504.8716125488281,640.4545288085938,515.7139892578125,651.0945434570312,2.3,13,34,6,0
538.0931396484375,640.4545288085938,552.5626831054688,651.0945434570312,91.4,13,35,6,0
285.1651306152344,663.634521484375,308.3118896484375,674.2745361328125,South,13,41,9,0
309.64190673828125,663.634521484375,332.37823486328125,674.2745361328125,Africa,13,41,10,0
370.61761474609375,663.1310424804688,385.3226623535156,673.7710571289062,52.7,13,42,9,0
399.2981262207031,663.1310424804688,419.33673095703125,673.7710571289062,46.310,13,43,9,0
435.5185852050781,663.1317138671875,450.5162048339844,673.771728515625,0.03,13,44,9,0
476.9480895996094,663.1317138671875,481.6980895996094,673.771728515625,–,13,45,9,0
510.96759033203125,663.1317138671875,515.7175903320312,673.771728515625,–,13,46,9,0
547.818115234375,663.1317138671875,552.568115234375,673.771728515625,–,13,47,9,0
270.9912109375,689.6033325195312,294.4272155761719,703.0433349609375,Joint,-2,0,0,0
296.618408203125,689.6033325195312,338.5644226074219,703.0433349609375,ventures,-2,0,1,0
285.1643981933594,711.3207397460938,322.0899963378906,721.9607543945312,Vodafone,-2,3,3,0
323.41998291015625,711.3207397460938,340.0335693359375,721.9607543945312,Idea,-2,3,4,0
366.50341796875,711.3207397460938,385.3267517089844,721.9607543945312,334.1,18,4,3,0
402.0714111328125,711.3207397460938,416.5019226074219,721.9607543945312,31.5,18,5,3,0
439.67242431640625,711.3207397460938,450.5242614746094,721.9607543945312,0.3,18,6,3,0
476.950439453125,711.3207397460938,481.700439453125,721.9607543945312,–,18,7,3,0
510.9699401855469,711.3207397460938,515.719970703125,721.9607543945312,–,18,8,3,0
547.8204345703125,711.3207397460938,552.5704345703125,721.9607543945312,–,18,9,3,0
285.1739501953125,733.9972534179688,343.7804260253906,744.6372680664062,VodafoneZiggo,18,13,8,0
374.69244384765625,733.9972534179688,385.3324279785156,744.6372680664062,5.0,18,14,8,0
402.3944396972656,733.9972534179688,416.5085754394531,744.6372680664062,27.6,18,15,8,0
439.67242431640625,733.9972534179688,450.5337829589844,744.6372680664062,3.3,18,16,8,0
466.3484191894531,733.9972534179688,481.717529296875,744.6372680664062,40.5,18,17,8,0
506.200927734375,733.9972534179688,515.7304077148438,744.6372680664062,1.1,18,18,8,0
538.4534301757812,733.9972534179688,552.5818481445312,744.6372680664062,31.9,18,19,8,0
73.70079803466797,752.9376220703125,88.88285064697266,760.2175903320312,Notes:,21,0,0,0
73.70079803466797,759.9381103515625,76.9572982788086,767.2180786132812,4,21,1,0,0
82.70330047607422,759.9381103515625,105.3883056640625,767.2180786132812,Common,21,1,1,0
106.26580810546875,759.9381103515625,128.80194091796875,767.2180786132812,functions,21,1,2,0
129.679443359375,759.9381103515625,149.79112243652344,767.2180786132812,includes,21,1,3,0
150.6686248779297,759.9381103515625,170.3292236328125,767.2180786132812,revenue,21,1,4,0
171.2067108154297,759.9381103515625,182.70001220703125,767.2180786132812,from,21,1,5,0
183.57749938964844,759.9381103515625,203.01123046875,767.2180786132812,services,21,1,6,0
203.88873291015625,759.9381103515625,225.00401306152344,767.2180786132812,provided,21,1,7,0
225.8815155029297,759.9381103515625,246.8466339111328,767.2180786132812,centrally,21,1,8,0
82.70330047607422,766.9386596679688,87.76225280761719,774.2186279296875,or,21,2,0,0
88.63975524902344,766.9386596679688,105.99799346923828,774.2186279296875,offered,21,2,1,0
106.87550354003906,766.9386596679688,124.82135009765625,774.2186279296875,outside,21,2,2,0
125.6988525390625,766.9386596679688,133.90899658203125,774.2186279296875,our,21,2,3,0
134.78648376464844,766.9386596679688,157.8920440673828,774.2186279296875,operating,21,2,4,0
158.76954650878906,766.9386596679688,181.44021606445312,774.2186279296875,company,21,2,5,0
182.3170623779297,766.9386596679688,204.2083740234375,774.2186279296875,"footprint,",21,2,6,0
205.08587646484375,766.9386596679688,227.1696014404297,774.2186279296875,including,21,2,7,0
228.0464630126953,766.9386596679688,241.51316833496094,774.2186279296875,some,21,2,8,0
82.70330047607422,773.9391479492188,102.2767562866211,781.2191162109375,markets,21,3,0,0
103.15425872802734,773.9391479492188,118.18939971923828,781.2191162109375,where,21,3,1,0
119.06690216064453,773.9391479492188,126.1051025390625,781.2191162109375,we,21,3,2,0
126.98260498046875,773.9391479492188,138.48892211914062,781.2191162109375,have,21,3,3,0
139.3664093017578,773.9391479492188,142.21340942382812,781.2191162109375,a,21,3,4,0
143.09091186523438,773.9391479492188,163.0764923095703,781.2191162109375,licensed,21,3,5,0
163.95399475097656,773.9391479492188,183.95709228515625,781.2191162109375,network,21,3,6,0
184.8345947265625,773.9391479492188,209.1121368408203,781.2191162109375,"operation,",21,3,7,0
209.98963928222656,773.9391479492188,216.58908081054688,781.2191162109375,for,21,3,8,0
217.46658325195312,773.9391479492188,237.95721435546875,781.2191162109375,example,21,3,9,0
238.83470153808594,773.9391479492188,257.5098876953125,781.2191162109375,offering,21,3,10,0
82.70330047607422,780.9396362304688,99.44794464111328,788.2196044921875,IP-VPN,21,4,0,0
100.3248062133789,780.9396362304688,119.75654602050781,788.2196044921875,services,21,4,1,0
120.63404846191406,780.9396362304688,124.99944305419922,788.2196044921875,in,21,4,2,0
125.87694549560547,780.9396362304688,151.14698791503906,788.2196044921875,Singapore.,21,4,3,0
73.70079803466797,787.9401245117188,76.9572982788086,795.2200927734375,5,21,5,0,0
82.70330047607422,787.9401245117188,96.60746002197266,795.2200927734375,Other,21,5,1,0
97.4849624633789,787.9401245117188,114.69371032714844,795.2200927734375,Europe,21,5,2,0
115.57121276855469,787.9401245117188,137.6575469970703,795.2200927734375,including,21,5,3,0
138.53504943847656,787.9401245117188,168.80357360839844,795.2200927734375,eliminations.,21,5,4,0
73.70079803466797,794.940673828125,76.9572982788086,802.2206420898438,6,21,6,0,0
82.70330047607422,794.940673828125,96.60746002197266,802.2206420898438,Other,21,6,1,0
97.4849624633789,794.940673828125,117.05841064453125,802.2206420898438,markets,21,6,2,0
117.9359130859375,794.940673828125,140.02223205566406,802.2206420898438,including,21,6,3,0
140.8990936279297,794.940673828125,171.16761779785156,802.2206420898438,eliminations.,21,6,4,0
270.99530029296875,766.9386596679688,286.17730712890625,774.2186279296875,Notes:,22,0,0,0
270.99530029296875,773.9391479492188,274.2518005371094,781.2191162109375,7,22,1,0,0
279.997802734375,773.9391479492188,289.9512634277344,781.2191162109375,Due,22,1,1,0
290.82879638671875,773.9391479492188,295.7967529296875,781.2191162109375,to,22,1,2,0
296.67425537109375,773.9391479492188,304.74658203125,781.2191162109375,the,22,1,3,0
305.6241149902344,773.9391479492188,331.2068176269531,781.2191162109375,converged,22,1,4,0
332.0843200683594,773.9391479492188,347.7701110839844,781.2191162109375,nature,22,1,5,0
348.64764404296875,773.9391479492188,353.41864013671875,781.2191162109375,of,22,1,6,0
354.296142578125,773.9391479492188,362.3691101074219,781.2191162109375,the,22,1,7,0
363.24664306640625,773.9391479492188,382.05755615234375,781.2191162109375,Spanish,22,1,8,0
382.93505859375,773.9391479492188,400.0086669921875,781.2191162109375,market,22,1,9,0
400.88616943359375,773.9391479492188,411.42462158203125,781.2191162109375,only,22,1,10,0
412.3021545410156,773.9391479492188,423.1857604980469,781.2191162109375,total,22,1,11,0
424.06329345703125,773.9391479492188,464.409423828125,781.2191162109375,communications,22,1,12,0
465.28692626953125,773.9391479492188,482.36053466796875,781.2191162109375,market,22,1,13,0
483.238037109375,773.9391479492188,498.75677490234375,781.2191162109375,shares,22,1,14,0
499.63427734375,773.9391479492188,507.25030517578125,781.2191162109375,are,22,1,15,0
508.1278381347656,773.9391479492188,530.1714477539062,781.2191162109375,reported.,22,1,16,0
270.99530029296875,780.9396362304688,274.2518005371094,788.2196044921875,8,22,2,0,0
279.997802734375,780.9396362304688,285.9693603515625,788.2196044921875,As,22,2,1,0
286.84686279296875,780.9396362304688,291.4911193847656,788.2196044921875,at,22,2,2,0
292.3686218261719,780.9396362304688,317.6855163574219,788.2196044921875,December,22,2,3,0
318.5630187988281,780.9396362304688,331.9432373046875,788.2196044921875,2018.,22,2,4,0
270.99530029296875,787.9401245117188,274.2518005371094,795.2200927734375,9,22,3,0,0
279.997802734375,787.9401245117188,284.42431640625,795.2200927734375,%,22,3,1,0
285.30181884765625,787.9401245117188,290.07281494140625,795.2200927734375,of,22,3,2,0
290.9503173828125,787.9401245117188,315.2609558105469,795.2200927734375,consumer,22,3,3,0
316.1384582519531,787.9401245117188,342.30413818359375,795.2200927734375,broadband,22,3,4,0
343.181640625,787.9401245117188,366.19097900390625,795.2200927734375,customer,22,3,5,0
367.0684814453125,787.9401245117188,378.3440246582031,795.2200927734375,base,22,3,6,0
379.2215576171875,787.9401245117188,388.8591003417969,795.2200927734375,that,22,3,7,0
389.7366027832031,787.9401245117188,393.2843017578125,795.2200927734375,is,22,3,8,0
394.16180419921875,787.9401245117188,420.78515625,795.2200927734375,converged.,22,3,9,0
270.99530029296875,794.940673828125,277.1846008300781,802.2206420898438,10,22,4,0,0
279.997802734375,794.940673828125,287.18548583984375,802.2206420898438,On,22,4,1,0
288.06298828125,794.940673828125,294.0748291015625,802.2206420898438,an,22,4,2,0
294.95233154296875,794.940673828125,311.35504150390625,802.2206420898438,IFRS15,22,4,3,0
312.2325439453125,794.940673828125,325.0843200683594,802.2206420898438,basis.,22,4,4,0
73.70079803466797,399.4358215332031,123.33879089355469,412.8758239746094,Worldwide,-3,0,0,0
125.5347900390625,399.4358215332031,159.77676391601562,412.8758239746094,service,-3,0,1,0
161.97276306152344,399.4358215332031,188.49037170410156,412.8758239746094,reach,-3,0,2,0
73.70079803466797,409.8263244628906,102.2907943725586,443.42633056640625,41,-3,1,0,0
73.70079803466797,439.2763366699219,102.14759826660156,449.91632080078125,partner,-3,2,0,0
103.28761291503906,439.2763366699219,134.9729766845703,449.91632080078125,markets,-3,2,1,0
73.7008056640625,450.27734375,81.90025329589844,460.9173278808594,To,23,3,0,0
83.18275451660156,450.27734375,106.83110809326172,460.9173278808594,extend,23,3,1,0
108.11360931396484,450.27734375,119.85086059570312,460.9173278808594,our,23,3,2,0
121.13335418701172,450.27734375,140.27777099609375,460.9173278808594,reach,23,3,3,0
141.56027221679688,450.27734375,167.77743530273438,460.9173278808594,beyond,23,3,4,0
169.0599365234375,450.27734375,180.6005401611328,460.9173278808594,the,23,3,5,0
181.88304138183594,450.27734375,219.375732421875,460.9173278808594,companies,23,3,6,0
73.7008056640625,461.2783508300781,83.85440063476562,471.9183349609375,we,23,4,0,0
85.13690185546875,461.2783508300781,101.5101547241211,471.9183349609375,"own,",23,4,1,0
102.79265594482422,461.2783508300781,112.94530487060547,471.9183349609375,we,23,4,2,0
114.2278060913086,461.2783508300781,130.64381408691406,471.9183349609375,have,23,4,3,0
131.9263153076172,461.2783508300781,171.10430908203125,471.9183349609375,partnership,23,4,4,0
172.38681030273438,461.2783508300781,213.5426788330078,471.9183349609375,agreements,23,4,5,0
73.7008056640625,472.27935791015625,88.38020324707031,482.9193420410156,with,23,5,0,0
89.66270446777344,472.27935791015625,105.87825012207031,482.9193420410156,local,23,5,1,0
107.16075134277344,472.27935791015625,139.8607177734375,482.9193420410156,operators,23,5,2,0
141.14321899414062,472.27935791015625,147.39137268066406,482.9193420410156,in,23,5,3,0
148.6738739013672,472.27935791015625,157.50128173828125,482.9193420410156,41,23,5,4,0
158.78378295898438,472.27935791015625,192.05751037597656,482.9193420410156,countries.,23,5,5,0
238.11019897460938,409.8263244628906,265.77020263671875,443.42633056640625,74,-3,6,0,0
238.11019897460938,439.2763366699219,274.0401611328125,449.91632080078125,countries,-3,7,0,0
275.18017578125,439.2763366699219,291.7757568359375,449.91632080078125,with,-3,7,1,0
292.915771484375,439.2763366699219,319.60986328125,449.91632080078125,IP-VPN,-3,7,2,0
238.11019897460938,450.27734375,248.8850860595703,460.9173278808594,We,23,8,0,0
249.88258361816406,450.27734375,260.4617919921875,460.9173278808594,are,23,8,1,0
261.45928955078125,450.27734375,285.2890930175781,460.9173278808594,among,23,8,2,0
286.2865905761719,450.27734375,297.5422058105469,460.9173278808594,the,23,8,3,0
298.5397033691406,450.27734375,309.7810363769531,460.9173278808594,top,23,8,4,0
310.778564453125,450.27734375,322.5861511230469,460.9173278808594,five,23,8,5,0
323.5836486816406,450.27734375,349.24603271484375,460.9173278808594,internet,23,8,6,0
238.11019897460938,461.2783508300781,268.43804931640625,471.9183349609375,providers,23,9,0,0
269.435546875,461.2783508300781,295.31549072265625,471.9183349609375,globally,23,9,1,0
296.31298828125,461.2783508300781,309.13323974609375,471.9183349609375,and,23,9,2,0
310.1307373046875,461.2783508300781,323.2778015136719,471.9183349609375,one,23,9,3,0
324.2752990722656,461.2783508300781,330.968994140625,471.9183349609375,of,23,9,4,0
331.96649169921875,461.2783508300781,343.22210693359375,471.9183349609375,the,23,9,5,0
344.2196044921875,461.2783508300781,366.4952697753906,471.9183349609375,largest,23,9,6,0
238.11019897460938,472.27935791015625,269.66925048828125,482.9193420410156,operators,23,10,0,0
270.666748046875,472.27935791015625,277.3604736328125,482.9193420410156,of,23,10,1,0
278.3580017089844,472.27935791015625,313.46527099609375,482.9193420410156,submarine,23,10,2,0
314.65277099609375,472.27935791015625,338.251708984375,482.9193420410156,cables.,23,10,3,0
402.51971435546875,409.8263244628906,445.57275390625,443.42633056640625,168,-3,11,0,0
402.51971435546875,439.2763366699219,438.4496765136719,449.91632080078125,countries,-3,12,0,0
439.5896911621094,439.2763366699219,456.1852722167969,449.91632080078125,with,-3,12,1,0
457.3252868652344,439.2763366699219,467.82373046875,449.91632080078125,4G,-3,12,2,0
468.9637451171875,439.2763366699219,500.93310546875,449.91632080078125,roaming,-3,12,3,0
502.0731201171875,439.2763366699219,536.7566528320312,449.91632080078125,coverage,-3,12,4,0
402.51971435546875,450.27734375,415.44158935546875,460.9173278808594,Our,23,13,0,0
416.72412109375,450.27734375,441.5457458496094,460.9173278808594,leading,23,13,1,0
442.8282775878906,450.27734375,463.8565368652344,460.9173278808594,global,23,13,2,0
465.1390686035156,450.27734375,475.0665588378906,460.9173278808594,4G,23,13,3,0
476.34814453125,450.27734375,504.7360534667969,460.9173278808594,roaming,23,13,4,0
506.0185852050781,450.27734375,535.334716796875,460.9173278808594,footprint,23,13,5,0
402.51971435546875,461.2783508300781,424.45330810546875,471.9183349609375,serves,23,14,0,0
425.73577880859375,461.2783508300781,444.237060546875,471.9183349609375,twice,23,14,1,0
445.51953125,461.2783508300781,452.985595703125,471.9183349609375,as,23,14,2,0
454.26806640625,461.2783508300781,473.8133544921875,471.9183349609375,many,23,14,3,0
475.0958251953125,461.2783508300781,516.3343505859375,471.9183349609375,destinations,23,14,4,0
517.6168823242188,461.2783508300781,525.0828857421875,471.9183349609375,as,23,14,5,0
526.3654174804688,461.2783508300781,537.906005859375,471.9183349609375,the,23,14,6,0
539.1885375976562,461.2783508300781,554.2945556640625,471.9183349609375,next,23,14,7,0
402.51971435546875,472.27935791015625,417.4100036621094,482.9193420410156,best,23,15,0,0
418.6925048828125,472.27935791015625,434.9080505371094,482.9193420410156,local,23,15,1,0
436.1905212402344,472.27935791015625,473.93408203125,482.9193420410156,competitor,23,15,2,0
475.2165832519531,472.27935791015625,481.4647521972656,482.9193420410156,in,23,15,3,0
482.7472229003906,472.27935791015625,500.3963317871094,482.9193420410156,most,23,15,4,0
501.6788330078125,472.27935791015625,508.5150451660156,482.9193420410156,of,23,15,5,0
509.79754638671875,472.27935791015625,521.5347290039062,482.9193420410156,our,23,15,6,0
522.8172607421875,472.27935791015625,552.09912109375,482.9193420410156,markets.,23,15,7,0
73.70079803466797,181.4561004638672,125.92361450195312,194.89610290527344,Operations,24,0,0,0
128.11962890625,181.4561004638672,137.26361083984375,194.89610290527344,in,24,0,1,0
139.45962524414062,181.4561004638672,151.5016326904297,194.89610290527344,25,24,0,2,0
153.6976318359375,181.4561004638672,198.1648406982422,194.89610290527344,countries,24,0,3,0
270.9920959472656,504.605712890625,289.1084899902344,518.0457153320312,Our,25,0,0,0
291.3044738769531,504.605712890625,315.4304504394531,518.0457153320312,main,25,0,1,0
317.62646484375,504.605712890625,356.966064453125,518.0457153320312,markets,25,0,2,0
359.16204833984375,504.605712890625,377.1188659667969,518.0457153320312,and,25,0,3,0
379.31488037109375,504.605712890625,400.6532897949219,518.0457153320312,joint,25,0,4,0
402.8492736816406,504.605712890625,444.7952575683594,518.0457153320312,ventures,25,0,5,0
446.9912414550781,504.605712890625,466.7120666503906,518.0457153320312,(IAS,25,0,6,0
468.9080505371094,504.605712890625,480.50726318359375,518.0457153320312,18,25,0,7,0
482.7032470703125,504.605712890625,510.3812561035156,518.0457153320312,basis),25,0,8,0
172.09210205078125,573.2484130859375,200.79534912109375,581.6484375,Vodacom,13,7,1,0
176.03709411621094,580.2459106445312,196.84884643554688,588.6459350585938,€4.7bn,13,8,1,0
109.20259857177734,588.2128295898438,136.2303466796875,596.6128540039062,Germany,13,9,1,0
110.88179779052734,595.2128295898438,134.55270385742188,603.6128540039062,€10.3bn,13,10,1,0
110.52860260009766,657.2666015625,119.75360870361328,665.6666259765625,UK,13,39,8,0
104.61109924316406,664.2640991210938,125.66510009765625,672.6641235351562,€5.8bn,13,40,8,0
147.27859497070312,685.9091186523438,160.98561096191406,694.3091430664062,Italy,29,2,1,0
143.5811004638672,692.9066162109375,164.6756134033203,701.306640625,€5.0bn,29,3,1,0
187.88360595703125,677.6890869140625,204.8343505859375,686.089111328125,Spain,29,0,0,0
185.7611083984375,684.6866455078125,206.95086669921875,693.086669921875,€4.3bn,29,1,0,0
212.28860473632812,643.0916137695312,228.6858367919922,651.4916381835938,Other,13,36,7,0
209.2061004638672,650.089111328125,231.773681640625,658.4891357421875,Europe5,13,37,7,0
210.57870483398438,657.098388671875,230.40721130371094,665.4984130859375,€4.6bn,13,38,7,0
209.7237091064453,597.2559204101562,226.12094116210938,605.6559448242188,Other,13,18,3,0
205.26870727539062,604.25341796875,230.5764923095703,612.6534423828125,markets6,13,19,3,0
207.93389892578125,611.257080078125,227.9123992919922,619.6571044921875,€4.0bn,13,20,3,0
135.48770141601562,620.9925537109375,195.382080078125,647.87255859375,€39bn,13,28,5,0
73.70079803466797,204.03648376464844,84.61820220947266,214.67648315429688,We,33,0,0,0
85.90070343017578,204.03648376464844,96.76490020751953,214.67648315429688,are,33,0,1,0
98.04740142822266,204.03648376464844,109.58799743652344,214.67648315429688,the,33,0,2,0
110.87049865722656,204.03648376464844,138.22384643554688,214.67648315429688,number,33,0,3,0
139.50634765625,204.03648376464844,152.9384002685547,214.67648315429688,one,33,0,4,0
154.2209014892578,204.03648376464844,161.483642578125,214.67648315429688,or,33,0,5,0
162.76614379882812,204.03648376464844,176.00534057617188,214.67648315429688,two,33,0,6,0
177.28785705566406,204.03648376464844,200.9114990234375,214.67648315429688,mobile,33,0,7,0
202.19400024414062,204.03648376464844,231.44830322265625,214.67648315429688,operator,33,0,8,0
73.7008056640625,215.03746032714844,79.9489517211914,225.67745971679688,in,33,1,0,0
81.23145294189453,215.03746032714844,98.88150787353516,225.67745971679688,most,33,1,1,0
100.16400146484375,215.03746032714844,107.00019836425781,225.67745971679688,of,33,1,2,0
108.28269958496094,215.03746032714844,120.01994323730469,225.67745971679688,our,33,1,3,0
121.30243682861328,215.03746032714844,157.5164031982422,225.67745971679688,operations,33,1,4,0
158.7989044189453,215.03746032714844,171.90321350097656,225.67745971679688,and,33,1,5,0
173.1857147216797,215.03746032714844,183.3393096923828,225.67745971679688,we,33,1,6,0
184.62181091308594,215.03746032714844,195.4860076904297,225.67745971679688,are,33,1,7,0
196.7685089111328,215.03746032714844,225.51644897460938,225.67745971679688,Europe’s,33,1,8,0
73.7008056640625,226.03843688964844,96.83140563964844,236.67843627929688,largest,33,2,0,0
98.11389923095703,226.03843688964844,114.78734588623047,236.67843627929688,NGN,33,2,1,0
116.06983947753906,226.03843688964844,145.01535034179688,236.67843627929688,provider.,33,2,2,0
73.7008056640625,242.5399627685547,101.54815673828125,253.17996215820312,Europe,-4,0,0,0
73.7008056640625,253.5409393310547,91.46485900878906,264.1809387207031,Fixed,34,1,0,0
92.74736022949219,253.5409393310547,105.8516616821289,264.1809387207031,and,34,1,1,0
107.13416290283203,253.5409393310547,130.7578125,264.1809387207031,mobile,34,1,2,0
132.04031372070312,253.5409393310547,138.28846740722656,264.1809387207031,in,34,1,3,0
139.5709686279297,253.5409393310547,148.06207275390625,264.1809387207031,11,34,1,4,0
149.34457397460938,253.5409393310547,161.0894317626953,264.1809387207031,out,34,1,5,0
162.3719482421875,253.5409393310547,169.20816040039062,264.1809387207031,of,34,1,6,0
170.49066162109375,253.5409393310547,179.22686767578125,264.1809387207031,13,34,1,7,0
180.50936889648438,253.5409393310547,209.79214477539062,264.1809387207031,markets.,34,1,8,0
73.70079803466797,269.135986328125,98.04810333251953,278.09600830078125,"Albania1,",35,0,0,0
99.12810516357422,269.135986328125,117.42250061035156,278.09600830078125,Czech,35,0,1,0
118.50250244140625,269.135986328125,145.32569885253906,278.09600830078125,"Republic,",35,0,2,0
146.4056854248047,269.135986328125,174.2352752685547,278.09600830078125,"Germany,",35,0,3,0
175.3152618408203,269.135986328125,197.41287231445312,278.09600830078125,"Greece,",35,0,4,0
198.49285888671875,269.135986328125,227.0607147216797,278.09600830078125,"Hungary1,",35,0,5,0
228.1407012939453,269.135986328125,249.4239044189453,278.09600830078125,"Ireland,",35,0,6,0
250.50389099121094,269.135986328125,263.599853515625,278.09600830078125,"Italy,",35,0,7,0
73.70069885253906,278.6319580078125,91.02468872070312,287.59197998046875,"Malta,",35,1,0,0
92.10469055175781,278.6319580078125,128.0598907470703,287.59197998046875,Netherlands,35,1,1,0
129.13987731933594,278.6319580078125,143.74148559570312,287.59197998046875,(joint,35,1,2,0
144.8214874267578,278.6319580078125,170.04232788085938,287.59197998046875,venture).,35,1,3,0
171.12232971191406,278.6319580078125,197.3943328857422,287.59197998046875,"Portugal,",35,1,4,0
198.4743194580078,278.6319580078125,225.52471923828125,287.59197998046875,"Romania,",35,1,5,0
226.60470581054688,278.6319580078125,243.97030639648438,287.59197998046875,"Spain,",35,1,6,0
245.05029296875,278.6319580078125,255.1630859375,287.59197998046875,UK.,35,1,7,0
73.70079803466797,293.0360107421875,91.37649536132812,303.6759948730469,Rest,-5,0,0,0
92.70649719238281,293.0360107421875,100.54684448242188,303.6759948730469,of,-5,0,1,0
101.87684631347656,293.0360107421875,114.83485412597656,303.6759948730469,the,-5,0,2,0
116.16484832763672,293.0360107421875,138.16307067871094,303.6759948730469,world,-5,0,3,0
73.70079803466797,304.0369873046875,83.62450408935547,314.6769714355469,4G,36,1,0,0
84.90699768066406,304.0369873046875,91.15514373779297,314.6769714355469,in,36,1,1,0
92.4376449584961,304.0369873046875,100.40909576416016,314.6769714355469,all,36,1,2,0
101.69159698486328,304.0369873046875,130.9392547607422,314.6769714355469,"markets,",36,1,3,0
132.2217559814453,304.0369873046875,157.66085815429688,314.6769714355469,M-Pesa,36,1,4,0
158.94337463378906,304.0369873046875,165.1915283203125,314.6769714355469,in,36,1,5,0
166.47402954101562,304.0369873046875,171.23353576660156,314.6769714355469,8,36,1,6,0
172.5160369873047,304.0369873046875,184.26182556152344,314.6769714355469,out,36,1,7,0
185.54434204101562,304.0369873046875,192.38055419921875,314.6769714355469,of,36,1,8,0
193.66305541992188,304.0369873046875,202.33941650390625,314.6769714355469,12,36,1,9,0
203.62191772460938,304.0369873046875,232.9037322998047,314.6769714355469,markets.,36,1,10,0
73.70079803466797,319.6353759765625,102.8511962890625,328.59539794921875,Emerging:,-6,0,0,0
103.93280029296875,319.6353759765625,124.28829956054688,328.59539794921875,"Egypt2,",-6,0,1,0
125.36830139160156,319.6353759765625,147.6474151611328,328.59539794921875,"Ghana2,",-6,0,2,0
148.72740173339844,319.6353759765625,169.1938018798828,328.59539794921875,"Turkey,",-6,0,3,0
170.27378845214844,319.6353759765625,198.1881866455078,328.59539794921875,Vodacom,-6,0,4,0
199.2681884765625,319.6353759765625,217.41940307617188,328.59539794921875,Group,-6,0,5,0
218.4993896484375,319.6353759765625,237.7921905517578,328.59539794921875,(South,-6,0,6,0
238.7921905517578,319.6353759765625,256.3545837402344,328.59539794921875,"Africa,",-6,0,7,0
73.70341491699219,329.1313781738281,102.10150146484375,338.0954284667969,"Tanzania2,",37,1,0,0
103.10150146484375,329.1354064941406,136.61590576171875,338.0954284667969,Democratic,37,1,1,0
137.6159210205078,329.1354064941406,162.93031311035156,338.0954284667969,Republic,37,1,2,0
163.93032836914062,329.1354064941406,169.70233154296875,338.0954284667969,of,37,1,3,0
170.70233154296875,329.1354064941406,194.1147003173828,338.0954284667969,"Congo2,,",37,1,4,0
195.11468505859375,329.1354064941406,236.2215118408203,338.0954284667969,"Mozambique2,",37,1,5,0
237.22149658203125,329.1354064941406,265.9447937011719,338.0954284667969,Lesotho2).,37,1,6,0
73.70477294921875,338.63140869140625,91.89757537841797,347.5914306640625,Other:,37,2,0,0
92.97677612304688,338.63140869140625,106.40557098388672,347.5914306640625,New,37,2,1,0
107.4855728149414,338.63140869140625,132.30557250976562,347.5914306640625,"Zealand,",37,2,2,0
133.38555908203125,338.63140869140625,158.59751892089844,347.5914306640625,Australia,37,2,3,0
159.67752075195312,338.63140869140625,174.27914428710938,347.5914306640625,(joint,37,2,4,0
175.35914611816406,338.63140869140625,200.5535888671875,347.5914306640625,"venture),",37,2,5,0
201.63357543945312,338.63140869140625,217.653564453125,347.5914306640625,India2,37,2,6,0
218.8502960205078,338.6354064941406,233.451904296875,347.5954284667969,(joint,37,2,7,0
234.5319061279297,338.6354064941406,259.7254943847656,347.5954284667969,"venture),",37,2,8,0
73.69828796386719,348.13140869140625,126.96430206298828,357.0954284667969,Kenya2 (associate).,37,3,0,0
73.70079803466797,376.15252685546875,89.96458435058594,383.9925231933594,Notes:,39,4,4,0
73.70079803466797,383.6495361328125,77.20779418945312,391.4895324707031,1,39,5,4,0
80.28779602050781,383.6495361328125,97.87108612060547,391.4895324707031,Mobile,39,5,5,0
98.88538360595703,383.6495361328125,119.94558715820312,391.4895324707031,services,39,5,6,0
120.95988464355469,383.6495361328125,133.23086547851562,391.4895324707031,only.,39,5,7,0
139.80880737304688,383.6495361328125,143.31581115722656,391.4895324707031,2,39,5,8,0
146.39581298828125,383.6495361328125,165.3608856201172,391.4895324707031,M-Pesa,39,5,9,0
166.23519897460938,383.6495361328125,186.80538940429688,391.4895324707031,services,39,5,10,0
187.6803741455078,383.6495361328125,210.89517211914062,391.4895324707031,available.,39,5,11,0
305.1289978027344,368.176025390625,323.58099365234375,376.0160217285156,Europe,39,0,0,0
305.1289978027344,375.676025390625,316.62298583984375,383.5160217285156,Rest,39,1,0,0
317.5679931640625,375.676025390625,322.6885070800781,383.5160217285156,of,39,1,1,0
323.63348388671875,375.676025390625,332.2945861816406,383.5160217285156,the,39,1,2,0
333.2395935058594,375.676025390625,348.3070983886719,383.5160217285156,World,39,1,3,0
305.1289978027344,383.176025390625,317.5035705566406,391.0160217285156,Joint,39,2,0,0
318.4485778808594,383.176025390625,341.3456115722656,391.0160217285156,Ventures,39,2,1,0
342.29058837890625,383.176025390625,352.1059875488281,391.0160217285156,and,39,2,2,0
353.0509948730469,383.176025390625,380.10174560546875,391.0160217285156,Associates,39,2,3,0
68.03250122070312,14.23133659362793,84.71849822998047,34.391334533691406,07,-7,0,0,0
110.07879638671875,16.794300079345703,137.7917938232422,24.634300231933594,Vodafone,40,1,0,0
138.77178955078125,16.794300079345703,156.6071014404297,24.634300231933594,Group,40,1,1,0
157.58709716796875,16.794300079345703,166.6654052734375,24.634300231933594,Plc,40,1,2,0
110.07879638671875,24.795276641845703,128.79750061035156,32.635276794433594,Annual,40,2,0,0
129.8824920654297,24.795276641845703,147.97398376464844,32.635276794433594,Report,40,2,1,0
149.05897521972656,24.795276641845703,162.4198760986328,32.635276794433594,2019,40,2,2,0
488.50390625,16.737720489501953,516.6425170898438,24.577720642089844,Overview,41,0,0,0
488.50390625,29.239734649658203,515.193603515625,37.079734802246094,Strategic,42,0,0,0
516.3135375976562,29.239734649658203,536.5925903320312,37.079734802246094,Report,42,0,1,0
488.50390625,41.74174880981445,523.9826049804688,49.581748962402344,Governance,43,0,0,0
488.50390625,54.2437629699707,518.9973754882812,62.083763122558594,Financials,44,0,0,0
488.50390625,66.74577331542969,505.6805114746094,74.58577728271484,Other,45,0,0,0
506.8005065917969,66.74577331542969,541.95947265625,74.58577728271484,information,45,0,1,0
